,HEX1,PGI,PFK,FBA,TPI,GAPD,PGK,PGM,ENO,PYK,LDH_L,DM_amp_c,SK_pyr_c,SK_lac__L_c,ATPM,DM_nadh,SK_glc__D_c,SK_amp_c,SK_h_c
0,0.166666667,0.166666667,0.166666667,0.166666667,0.166666667,0.333333333,0.333333333,0.333333333,0.333333333,0.333333333,0,0,0.333333333,0,0.333333333,0.333333333,0.166666667,0,1
1,0,0,0,0,0,0,0,0,0,0,0,1,0,0,0,0,0,1,0
2,0,0,0,0,0,0,0,0,0,0,0.5,0,-0.5,0.5,0,-0.5,0,0,-1
,,,,,,,,,,,,,,,,,,,
0,1.000000002,1.000000002,1.000000002,1.000000002,1.000000002,1.999999998,1.999999998,1.999999998,1.999999998,1.999999998,0,0,1.999999998,0,1.999999998,1.999999998,1.000000002,0,6
1,0,0,0,0,0,0,0,0,0,0,0,1,0,0,0,0,0,1,0
2,0,0,0,0,0,0,0,0,0,0,1,0,-1,1,0,-1,0,0,-2
